Altium Designer Pick and Place Locations,,,,,,,,
D:\Motor-Driver_CAN\Project Outputs for MotorDriver_CAN\Pick Place for MotorDriver_CAN.csv,,,,,,,,
,,,,,,,,
========================================================================================================================,,,,,,,,
File Design Information:,,,,,,,,
,,,,,,,,
Date:       16/12/25,,,,,,,,
Time:       14:42,,,,,,,,
Revision:   Not in VersionControl,,,,,,,,
Variant:    No variations,,,,,,,,
Units used: mil,,,,,,,,
,,,,,,,,
Designator,Comment,Layer,Footprint,Center-X(mil),Center-Y(mil),Rotation,Description,
R4,10K[1%],TopLayer,0603_R,625,2004.221,180,RES 10K OHM 1% 1/10W 0603,
R3,12K[1%],TopLayer,0603_R,625,2064.934,180,RES 12kO ±1% 100mW 0603,
R2,1K[1%],TopLayer,0603_R,205,2004.221,180,RES 1K OHM 1% 1/10W 0603,
R1,10K[1%],TopLayer,0603_R,205,2064.934,0,RES 10K OHM 1% 1/10W 0603,
J9,XT30PW(2+2)-M.G.B,TopLayer,AMASS_XT30PW(2+2)-M.G.B,4328.682,5976.894,90,Industrial Control Plug,
J5,XT30PW-M,TopLayer,AMASS_XT30PW-M,3848.575,6380.24,0,Socket; DC supply; XT30; male; PIN: 2; on PCBs; THT; Colour: yellow,
J4,XT30PW-M,TopLayer,AMASS_XT30PW-M,3195.426,6380.24,0,Socket; DC supply; XT30; male; PIN: 2; on PCBs; THT; Colour: yellow,
J3,XT30PW-M,TopLayer,AMASS_XT30PW-M,801,6380.24,0,Socket; DC supply; XT30; male; PIN: 2; on PCBs; THT; Colour: yellow,
J2,XT90PW-M,TopLayer,AMASS_XT90PW-M,2402.001,5917.642,180,Socket; DC supply; XT90; male; PIN: 2; on PCBs; THT; Colour: yellow,
J1,XT90PW-M,TopLayer,AMASS_XT90PW-M,1556.953,5917.642,180,Socket; DC supply; XT90; male; PIN: 2; on PCBs; THT; Colour: yellow,
U14,USB2517_TQFP64,BottomLayer,QFN50P900X900X100-65N,549.04,2465.469,180,"IC, USB2517, 7 Port USB 2.0 Hub, QFN-64",
U11B,TPS48110-Q1,TopLayer,IC_TPS48111LQDGXRQ1,2828.572,1128.966,0,Automotive 3.5-V to 80-V high side driver with protection and diagnostics,
U11A,TPS48110-Q1,TopLayer,IC_TPS48111LQDGXRQ1,3719,1129,0,Automotive 3.5-V to 80-V high side driver with protection and diagnostics,
R79,1M[1%],BottomLayer,0603_R,756.952,2814.94,0,100mW 1MO 75V ±100ppm/? Thick Film Resistor ±1% 0603 Chip Resistor - Surface Mount RoHS,
R78,12K[1%],BottomLayer,0603_R,756.952,2749.613,0,RES 12kO ±1% 100mW 0603,
R77,10K[1%],BottomLayer,0603_R,247.612,2637.86,0,RES 10K OHM 1% 1/10W 0603,
R76,10K[1%],TopLayer,0603_R,648.426,2369.95,0,RES 10K OHM 1% 1/10W 0603,
R75,100K[1%],BottomLayer,0603_R,247.612,2514.422,0,RES 100kO ±1% 100mW 0603,
R74,10K[1%],BottomLayer,0603_R,247.612,2390.985,0,RES 10K OHM 1% 1/10W 0603,
R73,10K[1%],BottomLayer,0603_R,247.612,2329.266,0,RES 10K OHM 1% 1/10W 0603,
R67B,4.7K[1%],TopLayer,0603_R,2572.813,597.745,270,"Chip Resistor, 4.7 KOhm, +/- 1%, 0.1 W, -55 to 155 degC, 0603 (1608 Metric), RoHS, Tape and Reel",
R67A,4.7K[1%],TopLayer,0603_R,3463.242,597.779,270,"Chip Resistor, 4.7 KOhm, +/- 1%, 0.1 W, -55 to 155 degC, 0603 (1608 Metric), RoHS, Tape and Reel",
R66B,4.7K[1%],TopLayer,0603_R,2697.365,599.713,270,"Chip Resistor, 4.7 KOhm, +/- 1%, 0.1 W, -55 to 155 degC, 0603 (1608 Metric), RoHS, Tape and Reel",
R66A,4.7K[1%],TopLayer,0603_R,3587.793,599.747,270,"Chip Resistor, 4.7 KOhm, +/- 1%, 0.1 W, -55 to 155 degC, 0603 (1608 Metric), RoHS, Tape and Reel",
R65B,10K[1%],TopLayer,0603_R,2607.813,1150.431,180,RES 10K OHM 1% 1/10W 0603,
R65A,10K[1%],TopLayer,0603_R,3498.242,1150.465,180,RES 10K OHM 1% 1/10W 0603,
R64B,53.6K[1%],TopLayer,0603_R,2607.813,1052.515,180,53.6kO 100mW 75V ±100ppm/? Thick Film Resistor ±1% 0603 Chip Resistor - Surface Mount RoHS,
R64A,53.6K[1%],TopLayer,0603_R,3498.242,1052.549,180,53.6kO 100mW 75V ±100ppm/? Thick Film Resistor ±1% 0603 Chip Resistor - Surface Mount RoHS,
R63B,10.2K[1%],TopLayer,0603_R,2608.319,1346.262,180,RES SMD 10.2K OHM 1% 1/10W 0603,
R63A,10.2K[1%],TopLayer,0603_R,3498.747,1346.296,180,RES SMD 10.2K OHM 1% 1/10W 0603,
R62B,14.3K[1%],TopLayer,0603_R,2775.599,1281.266,180,14.3kO 100mW 75V ±100ppm/? Thick Film Resistor ±1% 0603 Chip Resistor - Surface Mount RoHS,
R62A,14.3K[1%],TopLayer,0603_R,3666.028,1281.3,180,14.3kO 100mW 75V ±100ppm/? Thick Film Resistor ±1% 0603 Chip Resistor - Surface Mount RoHS,
R61B,470K[1%],TopLayer,0603_R,2773.416,1346.262,180,"Chip Resistor, 470 KOhm, +/- 1%, 0.1 W, -55 to 155 degC, 0603 (1608 Metric), RoHS, Tape and Reel",
R61A,470K[1%],TopLayer,0603_R,3663.845,1346.296,180,"Chip Resistor, 470 KOhm, +/- 1%, 0.1 W, -55 to 155 degC, 0603 (1608 Metric), RoHS, Tape and Reel",
R60B,10O[1%],TopLayer,0603_R,3044.572,1063.765,0,"Chip Resistor, 10 Ohm, +/- 1%, 0.1 W, -55 to 155 degC, 0603 (1608 Metric), RoHS, Tape and Reel",
R60A,10O[1%],TopLayer,0603_R,3935,1063.799,0,"Chip Resistor, 10 Ohm, +/- 1%, 0.1 W, -55 to 155 degC, 0603 (1608 Metric), RoHS, Tape and Reel",
R59B,1.3K[1%],TopLayer,0603_R,3044.572,1346.262,180,Res Thin Film 0603 1.3K Ohm 1% 0.1W(1/10W) ±50ppm/C Sulfur Resistant Pad SMD T/R Medical,
R59A,1.3K[1%],TopLayer,0603_R,3935,1346.296,180,Res Thin Film 0603 1.3K Ohm 1% 0.1W(1/10W) ±50ppm/C Sulfur Resistant Pad SMD T/R Medical,
R58B,100O[1%],TopLayer,0603_R,3044.572,1252.096,180,"Chip Resistor, 100 Ohm, +/-1%, 0.125 W, -55 to 155 degC, 0805 (2012 Metric), RoHS, Tape and Reel",
R58A,100O[1%],TopLayer,0603_R,3935,1252.131,180,"Chip Resistor, 100 Ohm, +/-1%, 0.125 W, -55 to 155 degC, 0805 (2012 Metric), RoHS, Tape and Reel",
R57B,1.5mO[1%],BottomLayer,R3920,2848.572,1298.966,0,1.5mO 5W SMD ±200ppm/? Current Sense Resistor ±1% 3920 Chip Resistor - Surface Mount RoHS,
R57A,1.5mO[1%],BottomLayer,R3920,3739,1299,0,1.5mO 5W SMD ±200ppm/? Current Sense Resistor ±1% 3920 Chip Resistor - Surface Mount RoHS,
R56,4.7K[1%],TopLayer,0603_R,422.422,3059.39,0,"Chip Resistor, 4.7 KOhm, +/- 1%, 0.1 W, -55 to 155 degC, 0603 (1608 Metric), RoHS, Tape and Reel",
R55,4.7K[1%],TopLayer,0603_R,422.422,3340.356,0,"Chip Resistor, 4.7 KOhm, +/- 1%, 0.1 W, -55 to 155 degC, 0603 (1608 Metric), RoHS, Tape and Reel",
Q16B,MMBT3904LT1G,TopLayer,SOT-23_H,2788.079,921.504,270,40V 225mW 200mA NPN SOT-23 Single Bipolar Transistors RoHS,
Q16A,MMBT3904LT1G,TopLayer,SOT-23_H,3678.508,921.538,270,40V 225mW 200mA NPN SOT-23 Single Bipolar Transistors RoHS,
Q15B,NVMFS6H836NLT1G,BottomLayer,FP-488AA-MFG,2991.445,987.582,180,"NVMFS6H836NLT1G Power MOSFET 80 V, 77 A, 6.2 mO, Single N-Channel, SO8-FL",
Q15A,NVMFS6H836NLT1G,BottomLayer,FP-488AA-MFG,3881.874,987.617,180,"NVMFS6H836NLT1G Power MOSFET 80 V, 77 A, 6.2 mO, Single N-Channel, SO8-FL",
LED5B,LED 0805 Red,TopLayer,LED_0805_RED,2579.246,749.596,90,20mA 120mcd 615nm~630nm Red 1.8V~2.4V 60mW 0805 LED Indication - Discrete RoHS,
LED5A,LED 0805 Red,TopLayer,LED_0805_RED,3469.675,749.63,90,20mA 120mcd 615nm~630nm Red 1.8V~2.4V 60mW 0805 LED Indication - Discrete RoHS,
LED4B,LED 0805 Red,TopLayer,LED_0805_RED,2698.365,746.071,90,20mA 120mcd 615nm~630nm Red 1.8V~2.4V 60mW 0805 LED Indication - Discrete RoHS,
LED4A,LED 0805 Red,TopLayer,LED_0805_RED,3588.793,746.106,90,20mA 120mcd 615nm~630nm Red 1.8V~2.4V 60mW 0805 LED Indication - Discrete RoHS,
J12,XT30PW(2+2)-M.G.B,TopLayer,AMASS_XT30PW(2+2)-M.G.B,3176.89,395,0,Industrial Control Plug,
J11,XT30PW(2+2)-M.G.B,TopLayer,AMASS_XT30PW(2+2)-M.G.B,2275.276,395,0,Industrial Control Plug,
J10,XT30PW(2+2)-M.G.B,TopLayer,AMASS_XT30PW(2+2)-M.G.B,1373.701,395,0,Industrial Control Plug,
J8,XT30PW(2+2)-M.G.B,TopLayer,AMASS_XT30PW(2+2)-M.G.B,395.729,5963.114,270,Industrial Control Plug,
J7,TYPE-C-31-M-12,TopLayer,USB_Type_C_Female,190,3207,270,5A 1 16P Female Type-C SMD USB Connectors ROHS,
D8B,SMCJ60A,TopLayer,DO-214AB,2933.705,678.966,0,15.5A 1.5kW 96.8V 66.7V Unidirectional 60V DO-214AB(SMC) TVS Diodes RoHS,
D8A,SMCJ60A,TopLayer,DO-214AB,3824.134,679,0,15.5A 1.5kW 96.8V 66.7V Unidirectional 60V DO-214AB(SMC) TVS Diodes RoHS,
D7,SRV05-4.TCT,TopLayer,SOT23-6,466.118,3206.971,0,12A@8/20us 300W@8/20us 17.5V 6V Unidirectional 5V SOT-23-6L ESD and Surge Protection (TVS/ESD) ROHS,
C90,100nF[50V],TopLayer,0603_C,537.197,2375.704,90,CAP CER 0.1UF 50V X7R 0603,
C89,100nF[50V],BottomLayer,0603_C,374.434,2753.579,90,CAP CER 0.1UF 50V X7R 0603,
C88,100nF[50V],TopLayer,0603_C,474.304,2375.704,90,CAP CER 0.1UF 50V X7R 0603,
C87,100nF[50V],BottomLayer,0603_C,754.119,2180.991,270,CAP CER 0.1UF 50V X7R 0603,
C86,100nF[50V],TopLayer,0603_C,545,2558,270,CAP CER 0.1UF 50V X7R 0603,
C85,100nF[50V],TopLayer,0603_C,440,2558,270,CAP CER 0.1UF 50V X7R 0603,
C84,10uF[35V],BottomLayer,0805_C,830.67,2174.125,90,Ceramic Multilayer SMD Capacitor,
C83,100nF[50V],BottomLayer,0603_C,247.612,2699.579,180,CAP CER 0.1UF 50V X7R 0603,
C82,1uF[25V],BottomLayer,0603_C,457.58,2180.991,270,25V 1uF X7R ±10% 0603 Ceramic Capacitors RoHS,
C81,100nF[50V],BottomLayer,0603_C,519.328,2180.991,270,CAP CER 0.1UF 50V X7R 0603,
C80,1uF[25V],BottomLayer,0603_C,584.384,2180.991,270,25V 1uF X7R ±10% 0603 Ceramic Capacitors RoHS,
C79,100nF[50V],BottomLayer,0603_C,648.558,2180.991,270,CAP CER 0.1UF 50V X7R 0603,
C78,1uF[25V],TopLayer,0603_C,648,2631,180,25V 1uF X7R ±10% 0603 Ceramic Capacitors RoHS,
C77,100nF[50V],TopLayer,0603_C,648.426,2568.619,180,CAP CER 0.1UF 50V X7R 0603,
C76,33pF[50V],BottomLayer,0603_C,704.88,3071.959,270,50V 33pF NP0 ±5% 0603 Ceramic Capacitors RoHS,
C75,33pF[50V],BottomLayer,0603_C,806.88,3072.959,270,50V 33pF NP0 ±5% 0603 Ceramic Capacitors RoHS,
C74,100nF[50V],BottomLayer,0603_C,247.612,2452.704,180,CAP CER 0.1UF 50V X7R 0603,
C73,1uF[25V],BottomLayer,0603_C,247.612,2576.141,180,25V 1uF X7R ±10% 0603 Ceramic Capacitors RoHS,
C68B,68nF[50V],TopLayer,0603_C,2607.813,954.6,0,X7R 68nF 50V ±10% 0603 Ceramic Capacitors RoHS,
C68A,68nF[50V],TopLayer,0603_C,3498.242,954.634,0,X7R 68nF 50V ±10% 0603 Ceramic Capacitors RoHS,
C67B,10nF[50V],TopLayer,0603_C,2607.813,1248.346,0,X7R 50V 10nF ±10% 0603 Ceramic Capacitors RoHS,
C67A,10nF[50V],TopLayer,0603_C,3498.242,1248.381,0,X7R 50V 10nF ±10% 0603 Ceramic Capacitors RoHS,
C66B,10nF[50V],TopLayer,0603_C,2915.186,922.063,270,X7R 50V 10nF ±10% 0603 Ceramic Capacitors RoHS,
C66A,10nF[50V],TopLayer,0603_C,3805.614,922.097,270,X7R 50V 10nF ±10% 0603 Ceramic Capacitors RoHS,
C65B,22uF,TopLayer,"SMD,D6.3xL7.7mm",2970.77,1563.848,90,"22uF 100V 60mA@120Hz ±20% SMD,D6.3xL7.7mm Aluminum Electrolytic Capacitors RoHS",
C65A,22uF,TopLayer,"SMD,D6.3xL7.7mm",3861.198,1563.882,90,"22uF 100V 60mA@120Hz ±20% SMD,D6.3xL7.7mm Aluminum Electrolytic Capacitors RoHS",
C64B,22uF,TopLayer,"SMD,D6.3xL7.7mm",2682.114,1563.966,90,"22uF 100V 60mA@120Hz ±20% SMD,D6.3xL7.7mm Aluminum Electrolytic Capacitors RoHS",
C64A,22uF,TopLayer,"SMD,D6.3xL7.7mm",3572.543,1564,90,"22uF 100V 60mA@120Hz ±20% SMD,D6.3xL7.7mm Aluminum Electrolytic Capacitors RoHS",
C63B,1nF[50V],TopLayer,0603_C,3044.572,1157.931,0,50V 1nF X7R ±10% 0603 Ceramic Capacitors RoHS,
C63A,1nF[50V],TopLayer,0603_C,3935,1157.965,0,50V 1nF X7R ±10% 0603 Ceramic Capacitors RoHS,
C62B,470nF[50V],TopLayer,0603_C,3044.572,969.6,180,470nF 50V X7R ±10% 0603 Ceramic Capacitors RoHS,
C62A,470nF[50V],TopLayer,0603_C,3935,969.634,180,470nF 50V X7R ±10% 0603 Ceramic Capacitors RoHS,
Y1,24MHz,BottomLayer,CRYSTAL-SMD_4P-L3.2-W2.5-BL,757.129,2927.802,180,Crystal Oscillator  24MHz 20pF SMD3225-4P Crystals RoHS,
J13,XT30PW(2+2)-M.G.B,TopLayer,AMASS_XT30PW(2+2)-M.G.B,4078.465,395,0,Industrial Control Plug,
R13,100K[1%],TopLayer,0603_R,2239.162,4825.552,0,RES SMD 100K OHM 1% 1/10W 0603,
R6,100K[1%],TopLayer,0603_R,1574.644,4825.552,0,RES SMD 100K OHM 1% 1/10W 0603,
C5,2200uF[63V],TopLayer,ECAP_D18XL32MM,3361.19,3971.211,220,"2200uF 63V Through Hole,D18xL32mm Aluminum Electrolytic Capacitors RoHS",
C4,2200uF[63V],TopLayer,ECAP_D18XL32MM,2622.662,3971.211,220,"2200uF 63V Through Hole,D18xL32mm Aluminum Electrolytic Capacitors RoHS",
C3,2200uF[63V],TopLayer,ECAP_D18XL32MM,1884.135,3971.211,220,"2200uF 63V Through Hole,D18xL32mm Aluminum Electrolytic Capacitors RoHS",
C2,2200uF[63V],TopLayer,ECAP_D18XL32MM,1145.607,3971.211,220,"2200uF 63V Through Hole,D18xL32mm Aluminum Electrolytic Capacitors RoHS",
C1,2200uF[63V],TopLayer,ECAP_D18XL32MM,407.079,3971.211,220,"2200uF 63V Through Hole,D18xL32mm Aluminum Electrolytic Capacitors RoHS",
Q16F,MMBT3904LT1G,TopLayer,SOT-23_H,363.698,5236.769,90,40V 225mW 200mA NPN SOT-23 Single Bipolar Transistors RoHS,
Q16E,MMBT3904LT1G,TopLayer,SOT-23_H,4389.615,5246.922,90,40V 225mW 200mA NPN SOT-23 Single Bipolar Transistors RoHS,
Q16D,MMBT3904LT1G,TopLayer,SOT-23_H,1007.292,921.504,270,40V 225mW 200mA NPN SOT-23 Single Bipolar Transistors RoHS,
Q16C,MMBT3904LT1G,TopLayer,SOT-23_H,1897.686,921.504,270,40V 225mW 200mA NPN SOT-23 Single Bipolar Transistors RoHS,
C66F,10nF[50V],TopLayer,0603_C,236.592,5236.21,270,X7R 50V 10nF ±10% 0603 Ceramic Capacitors RoHS,
C66E,10nF[50V],TopLayer,0603_C,4261.593,5247.278,270,X7R 50V 10nF ±10% 0603 Ceramic Capacitors RoHS,
C66D,10nF[50V],TopLayer,0603_C,1134.398,922.063,270,X7R 50V 10nF ±10% 0603 Ceramic Capacitors RoHS,
C66C,10nF[50V],TopLayer,0603_C,2024.792,922.063,270,X7R 50V 10nF ±10% 0603 Ceramic Capacitors RoHS,
C72,100nF[50V],TopLayer,0603_C,139.819,1816.426,90,CAP CER 0.1UF 50V X7R 0603,
C71,10uF[35V],TopLayer,0805_C,314.37,1334.126,90,35V 10uF X5R ±10% 0805 Ceramic Capacitors RoHS,
C70,10uF[35V],TopLayer,0805_C,304.37,1809.56,270,35V 10uF X5R ±10% 0805 Ceramic Capacitors RoHS,
C69,100nF[50V],TopLayer,0603_C,543.528,1327.26,270,CAP CER 0.1UF 50V X7R 0603,
C68F,68nF[50V],TopLayer,0603_C,543.964,5203.674,180,X7R 68nF 50V ±10% 0603 Ceramic Capacitors RoHS,
C68E,68nF[50V],TopLayer,0603_C,4568.966,5214.742,180,X7R 68nF 50V ±10% 0603 Ceramic Capacitors RoHS,
C68D,68nF[50V],TopLayer,0603_C,827.025,954.6,0,X7R 68nF 50V ±10% 0603 Ceramic Capacitors RoHS,
C68C,68nF[50V],TopLayer,0603_C,1717.419,954.6,0,X7R 68nF 50V ±10% 0603 Ceramic Capacitors RoHS,
C67F,10nF[50V],TopLayer,0603_C,543.964,4909.927,180,X7R 50V 10nF ±10% 0603 Ceramic Capacitors RoHS,
C67E,10nF[50V],TopLayer,0603_C,4568.966,4920.995,180,X7R 50V 10nF ±10% 0603 Ceramic Capacitors RoHS,
C67D,10nF[50V],TopLayer,0603_C,827.025,1248.346,0,X7R 50V 10nF ±10% 0603 Ceramic Capacitors RoHS,
C67C,10nF[50V],TopLayer,0603_C,1717.419,1248.346,0,X7R 50V 10nF ±10% 0603 Ceramic Capacitors RoHS,
C61F,100nF[50V],BottomLayer,0603_C,3976.13,2267.633,180,CAP CER 0.1UF 50V X7R 0603,
C61E,100nF[50V],BottomLayer,0603_C,3976.13,2800.129,180,CAP CER 0.1UF 50V X7R 0603,
C61D,100nF[50V],BottomLayer,0603_C,3976.13,3332.732,180,CAP CER 0.1UF 50V X7R 0603,
C61C,100nF[50V],BottomLayer,0603_C,2106.598,2267.633,180,CAP CER 0.1UF 50V X7R 0603,
C61B,100nF[50V],BottomLayer,0603_C,2106.598,2800.129,180,CAP CER 0.1UF 50V X7R 0603,
C61A,100nF[50V],BottomLayer,0603_C,2106.6,3331.625,180,CAP CER 0.1UF 50V X7R 0603,
C60F,100nF[50V],BottomLayer,0603_C,3976.13,2331.119,180,CAP CER 0.1UF 50V X7R 0603,
C60E,100nF[50V],BottomLayer,0603_C,3976.13,2863.615,180,CAP CER 0.1UF 50V X7R 0603,
C60D,100nF[50V],BottomLayer,0603_C,3976.13,3396.218,180,CAP CER 0.1UF 50V X7R 0603,
C60C,100nF[50V],BottomLayer,0603_C,2106.598,2331.119,180,CAP CER 0.1UF 50V X7R 0603,
C60B,100nF[50V],BottomLayer,0603_C,2106.598,2863.615,180,CAP CER 0.1UF 50V X7R 0603,
C60A,100nF[50V],BottomLayer,0603_C,2106.6,3395.111,180,CAP CER 0.1UF 50V X7R 0603,
C59F,100nF[50V],BottomLayer,0603_C,3976.13,2394.606,180,CAP CER 0.1UF 50V X7R 0603,
C59E,100nF[50V],BottomLayer,0603_C,3976.13,2927.102,180,CAP CER 0.1UF 50V X7R 0603,
C58F,100nF[50V],BottomLayer,0603_C,3946.213,2095.088,90,CAP CER 0.1UF 50V X7R 0603,
C58E,100nF[50V],BottomLayer,0603_C,3946.213,2627.584,90,CAP CER 0.1UF 50V X7R 0603,
C52,1.2nF[50V],TopLayer,0603_C,4491.437,3920.551,0,50V 1.2nF C0G ±5% 0603 Ceramic Capacitors RoHS,
C51,100nf[50V],TopLayer,0603_C,4244.815,4243.153,90,50V 100nF X7R ±10% 0603 Ceramic Capacitors RoHS,
C50,10uF[35V],BottomLayer,0805_C,4500.374,4119.301,180,Ceramic Multilayer SMD Capacitor,
C49,10uF[35V],BottomLayer,0805_C,4500.374,4197.801,180,Ceramic Multilayer SMD Capacitor,
SCR4,M3,TopLayer,SCREW_M3_1,4586.615,137.796,0,SCREW M3,
SCR3,M3,TopLayer,SCREW_M3_1,137.796,137.796,0,SCREW M3,
SCR2,M3,TopLayer,SCREW_M3_1,4586.615,6555.119,0,SCREW M3,
SCR1,M3,TopLayer,SCREW_M3_1,137.796,6555.119,0,SCREW M3,
U4,LM5069MM-2/NOPB,TopLayer,VSSOP10,2381.466,5005.319,180,"Positive High Voltage Hot Swap / Inrush Current Controller with Power Limiting, 10-pin MSOP, Pb-Free",
U2,LM5069MM-2/NOPB,TopLayer,VSSOP10,1716.466,5005.319,180,"Positive High Voltage Hot Swap / Inrush Current Controller with Power Limiting, 10-pin MSOP, Pb-Free",
U13,"LM75BDP,118",TopLayer,FP-SOT505-1-IPC_A,178.205,1567.193,90,SENSOR DIGITAL -55C-125C 8TSSOP,
U12,LTC2309IF#PBF,TopLayer,FP-F-20-05-08-1650-MFG,428.37,1575.189,90,IC ADC 12BIT SAR 20TSSOP,
U11C,TPS48110-Q1,TopLayer,IC_TPS48111LQDGXRQ1,1938.178,1128.966,0,Automotive 3.5-V to 80-V high side driver with protection and diagnostics,
U11D,TPS48110-Q1,TopLayer,IC_TPS48111LQDGXRQ1,1047.784,1128.966,0,Automotive 3.5-V to 80-V high side driver with protection and diagnostics,
U11E,TPS48110-Q1,TopLayer,IC_TPS48111LQDGXRQ1,4348.207,5040.376,180,Automotive 3.5-V to 80-V high side driver with protection and diagnostics,
U11F,TPS48110-Q1,TopLayer,IC_TPS48111LQDGXRQ1,323.206,5029.308,180,Automotive 3.5-V to 80-V high side driver with protection and diagnostics,
U10F,STM32G431C8T6,TopLayer,LQFP48-7X7MM_STM,3842.13,2244.106,90,"Mainstream Arm Cortex-M4 MCU 170 MHz with 64 Kbytes of Flash memory, Math Accelerator, Medium Analog level integration",
U10E,STM32G431C8T6,TopLayer,LQFP48-7X7MM_STM,3842.13,2776.602,90,"Mainstream Arm Cortex-M4 MCU 170 MHz with 64 Kbytes of Flash memory, Math Accelerator, Medium Analog level integration",
U10D,STM32G431C8T6,TopLayer,LQFP48-7X7MM_STM,3842.13,3309.204,90,"Mainstream Arm Cortex-M4 MCU 170 MHz with 64 Kbytes of Flash memory, Math Accelerator, Medium Analog level integration",
U10C,STM32G431C8T6,TopLayer,LQFP48-7X7MM_STM,1972.598,2244.106,90,"Mainstream Arm Cortex-M4 MCU 170 MHz with 64 Kbytes of Flash memory, Math Accelerator, Medium Analog level integration",
U10B,STM32G431C8T6,TopLayer,LQFP48-7X7MM_STM,1972.598,2776.602,90,"Mainstream Arm Cortex-M4 MCU 170 MHz with 64 Kbytes of Flash memory, Math Accelerator, Medium Analog level integration",
U10A,STM32G431C8T6,TopLayer,LQFP48-7X7MM_STM,1972.6,3308.098,90,"Mainstream Arm Cortex-M4 MCU 170 MHz with 64 Kbytes of Flash memory, Math Accelerator, Medium Analog level integration",
U9F,"TJA1051T/3,118",TopLayer,SOIC-8,3376.786,2189.668,180,"High-Speed CAN Transceiver, 3 to 5 V, 8-Pin SOIC (SOT96-1), RoHS, Tape and Reel",
U9E,"TJA1051T/3,118",TopLayer,SOIC-8,3376.786,2722.164,180,"High-Speed CAN Transceiver, 3 to 5 V, 8-Pin SOIC (SOT96-1), RoHS, Tape and Reel",
U9D,"TJA1051T/3,118",TopLayer,SOIC-8,3376.786,3254.767,180,"High-Speed CAN Transceiver, 3 to 5 V, 8-Pin SOIC (SOT96-1), RoHS, Tape and Reel",
U9C,"TJA1051T/3,118",TopLayer,SOIC-8,1507.254,2189.668,180,"High-Speed CAN Transceiver, 3 to 5 V, 8-Pin SOIC (SOT96-1), RoHS, Tape and Reel",
U9B,"TJA1051T/3,118",TopLayer,SOIC-8,1507.254,2722.164,180,"High-Speed CAN Transceiver, 3 to 5 V, 8-Pin SOIC (SOT96-1), RoHS, Tape and Reel",
U9A,"TJA1051T/3,118",TopLayer,SOIC-8,1507.256,3253.66,180,"High-Speed CAN Transceiver, 3 to 5 V, 8-Pin SOIC (SOT96-1), RoHS, Tape and Reel",
U8,AP64501SP-13,TopLayer,HSOP8,4405.374,4141.724,270,Buck Adjustable 5A 3.8V~40V 800mV~39V SOIC-8-EP DC-DC Converters ROHS,
U7,LM5116MHX/NOPB,TopLayer,PWP0020A_N,3651.102,4749.854,90,"Wide Range Synchronous Buck Controller, 20-pin TSSOP-EP, Pb-Free",
U6,LM5116MHX/NOPB,TopLayer,PWP0020A_N,2997.74,4749.854,90,"Wide Range Synchronous Buck Controller, 20-pin TSSOP-EP, Pb-Free",
U5,LM5116MHX/NOPB,TopLayer,PWP0020A_N,967.969,4749.854,90,"Wide Range Synchronous Buck Controller, 20-pin TSSOP-EP, Pb-Free",
U3,LM5050MKX-1/NOPB,TopLayer,DDC0006A_M,2220.736,4643.463,180,"High Side OR-ing FET Controller, 6-pin TSOT, 3000 Reel",
U1,LM5050MKX-1/NOPB,TopLayer,DDC0006A_M,1555.736,4643.463,180,"High Side OR-ing FET Controller, 6-pin TSOT, 3000 Reel",
R72,4.7K[1%],TopLayer,0603_R,101.819,1327.26,90,"Chip Resistor, 4.7 KOhm, +/- 1%, 0.1 W, -55 to 155 degC, 0603 (1608 Metric), RoHS, Tape and Reel",
R71,4.7K[1%],TopLayer,0603_R,167.749,1327.26,90,"Chip Resistor, 4.7 KOhm, +/- 1%, 0.1 W, -55 to 155 degC, 0603 (1608 Metric), RoHS, Tape and Reel",
R70,4.7K[1%],TopLayer,0603_R,232.591,1326.761,90,"Chip Resistor, 4.7 KOhm, +/- 1%, 0.1 W, -55 to 155 degC, 0603 (1608 Metric), RoHS, Tape and Reel",
R69,4.7K[1%],TopLayer,0603_R,466.756,1327.26,90,"Chip Resistor, 4.7 KOhm, +/- 1%, 0.1 W, -55 to 155 degC, 0603 (1608 Metric), RoHS, Tape and Reel",
R68,4.7K[1%],TopLayer,0603_R,392.717,1327.26,90,"Chip Resistor, 4.7 KOhm, +/- 1%, 0.1 W, -55 to 155 degC, 0603 (1608 Metric), RoHS, Tape and Reel",
R67C,4.7K[1%],TopLayer,0603_R,1682.419,597.745,270,"Chip Resistor, 4.7 KOhm, +/- 1%, 0.1 W, -55 to 155 degC, 0603 (1608 Metric), RoHS, Tape and Reel",
R67D,4.7K[1%],TopLayer,0603_R,792.025,597.745,270,"Chip Resistor, 4.7 KOhm, +/- 1%, 0.1 W, -55 to 155 degC, 0603 (1608 Metric), RoHS, Tape and Reel",
R67E,4.7K[1%],TopLayer,0603_R,4603.966,5571.597,90,"Chip Resistor, 4.7 KOhm, +/- 1%, 0.1 W, -55 to 155 degC, 0603 (1608 Metric), RoHS, Tape and Reel",
R67F,4.7K[1%],TopLayer,0603_R,578.964,5560.529,90,"Chip Resistor, 4.7 KOhm, +/- 1%, 0.1 W, -55 to 155 degC, 0603 (1608 Metric), RoHS, Tape and Reel",
R66C,4.7K[1%],TopLayer,0603_R,1806.97,599.713,270,"Chip Resistor, 4.7 KOhm, +/- 1%, 0.1 W, -55 to 155 degC, 0603 (1608 Metric), RoHS, Tape and Reel",
R66D,4.7K[1%],TopLayer,0603_R,916.577,599.713,270,"Chip Resistor, 4.7 KOhm, +/- 1%, 0.1 W, -55 to 155 degC, 0603 (1608 Metric), RoHS, Tape and Reel",
R66E,4.7K[1%],TopLayer,0603_R,4479.414,5569.628,90,"Chip Resistor, 4.7 KOhm, +/- 1%, 0.1 W, -55 to 155 degC, 0603 (1608 Metric), RoHS, Tape and Reel",
R66F,4.7K[1%],TopLayer,0603_R,454.413,5558.56,90,"Chip Resistor, 4.7 KOhm, +/- 1%, 0.1 W, -55 to 155 degC, 0603 (1608 Metric), RoHS, Tape and Reel",
R65C,10K[1%],TopLayer,0603_R,1717.419,1150.431,180,RES 10K OHM 1% 1/10W 0603,
R65D,10K[1%],TopLayer,0603_R,827.025,1150.431,180,RES 10K OHM 1% 1/10W 0603,
R65E,10K[1%],TopLayer,0603_R,4568.966,5018.911,0,RES 10K OHM 1% 1/10W 0603,
R65F,10K[1%],TopLayer,0603_R,543.964,5007.843,0,RES 10K OHM 1% 1/10W 0603,
R64C,53.6K[1%],TopLayer,0603_R,1717.419,1052.515,180,53.6kO 100mW 75V ±100ppm/? Thick Film Resistor ±1% 0603 Chip Resistor - Surface Mount RoHS,
R64D,53.6K[1%],TopLayer,0603_R,827.025,1052.515,180,53.6kO 100mW 75V ±100ppm/? Thick Film Resistor ±1% 0603 Chip Resistor - Surface Mount RoHS,
R64E,53.6K[1%],TopLayer,0603_R,4568.966,5116.826,0,53.6kO 100mW 75V ±100ppm/? Thick Film Resistor ±1% 0603 Chip Resistor - Surface Mount RoHS,
R64F,53.6K[1%],TopLayer,0603_R,543.964,5105.758,0,53.6kO 100mW 75V ±100ppm/? Thick Film Resistor ±1% 0603 Chip Resistor - Surface Mount RoHS,
R63C,10.2K[1%],TopLayer,0603_R,1717.925,1346.262,180,RES SMD 10.2K OHM 1% 1/10W 0603,
R63D,10.2K[1%],TopLayer,0603_R,827.531,1346.262,180,RES SMD 10.2K OHM 1% 1/10W 0603,
R63E,10.2K[1%],TopLayer,0603_R,4568.46,4823.079,0,RES SMD 10.2K OHM 1% 1/10W 0603,
R63F,10.2K[1%],TopLayer,0603_R,543.458,4812.011,0,RES SMD 10.2K OHM 1% 1/10W 0603,
R62C,14.3K[1%],TopLayer,0603_R,1885.205,1281.266,180,14.3kO 100mW 75V ±100ppm/? Thick Film Resistor ±1% 0603 Chip Resistor - Surface Mount RoHS,
R62D,14.3K[1%],TopLayer,0603_R,994.811,1281.266,180,14.3kO 100mW 75V ±100ppm/? Thick Film Resistor ±1% 0603 Chip Resistor - Surface Mount RoHS,
R62E,14.3K[1%],TopLayer,0603_R,4401.18,4888.076,0,14.3kO 100mW 75V ±100ppm/? Thick Film Resistor ±1% 0603 Chip Resistor - Surface Mount RoHS,
R62F,14.3K[1%],TopLayer,0603_R,376.178,4877.008,0,14.3kO 100mW 75V ±100ppm/? Thick Film Resistor ±1% 0603 Chip Resistor - Surface Mount RoHS,
R61C,470K[1%],TopLayer,0603_R,1883.023,1346.262,180,"Chip Resistor, 470 KOhm, +/- 1%, 0.1 W, -55 to 155 degC, 0603 (1608 Metric), RoHS, Tape and Reel",
R61D,470K[1%],TopLayer,0603_R,992.629,1346.262,180,"Chip Resistor, 470 KOhm, +/- 1%, 0.1 W, -55 to 155 degC, 0603 (1608 Metric), RoHS, Tape and Reel",
R61E,470K[1%],TopLayer,0603_R,4403.362,4823.079,0,"Chip Resistor, 470 KOhm, +/- 1%, 0.1 W, -55 to 155 degC, 0603 (1608 Metric), RoHS, Tape and Reel",
R61F,470K[1%],TopLayer,0603_R,378.361,4812.011,0,"Chip Resistor, 470 KOhm, +/- 1%, 0.1 W, -55 to 155 degC, 0603 (1608 Metric), RoHS, Tape and Reel",
R60C,10O[1%],TopLayer,0603_R,2154.177,1063.765,0,"Chip Resistor, 10 Ohm, +/- 1%, 0.1 W, -55 to 155 degC, 0603 (1608 Metric), RoHS, Tape and Reel",
R60D,10O[1%],TopLayer,0603_R,1263.784,1063.765,0,"Chip Resistor, 10 Ohm, +/- 1%, 0.1 W, -55 to 155 degC, 0603 (1608 Metric), RoHS, Tape and Reel",
R60E,10O[1%],TopLayer,0603_R,4132.207,5105.576,180,"Chip Resistor, 10 Ohm, +/- 1%, 0.1 W, -55 to 155 degC, 0603 (1608 Metric), RoHS, Tape and Reel",
R60F,10O[1%],TopLayer,0603_R,107.206,5094.508,180,"Chip Resistor, 10 Ohm, +/- 1%, 0.1 W, -55 to 155 degC, 0603 (1608 Metric), RoHS, Tape and Reel",
R59C,1.3K[1%],TopLayer,0603_R,2154.177,1346.262,180,Res Thin Film 0603 1.3K Ohm 1% 0.1W(1/10W) ±50ppm/C Sulfur Resistant Pad SMD T/R Medical,
R59D,1.3K[1%],TopLayer,0603_R,1263.784,1346.262,180,Res Thin Film 0603 1.3K Ohm 1% 0.1W(1/10W) ±50ppm/C Sulfur Resistant Pad SMD T/R Medical,
R59E,1.3K[1%],TopLayer,0603_R,4132.207,4823.079,0,Res Thin Film 0603 1.3K Ohm 1% 0.1W(1/10W) ±50ppm/C Sulfur Resistant Pad SMD T/R Medical,
R59F,1.3K[1%],TopLayer,0603_R,107.206,4812.011,0,Res Thin Film 0603 1.3K Ohm 1% 0.1W(1/10W) ±50ppm/C Sulfur Resistant Pad SMD T/R Medical,
R58C,100O[1%],TopLayer,0603_R,2154.177,1252.096,180,"Chip Resistor, 100 Ohm, +/-1%, 0.125 W, -55 to 155 degC, 0805 (2012 Metric), RoHS, Tape and Reel",
R58D,100O[1%],TopLayer,0603_R,1263.784,1252.096,180,"Chip Resistor, 100 Ohm, +/-1%, 0.125 W, -55 to 155 degC, 0805 (2012 Metric), RoHS, Tape and Reel",
R58E,100O[1%],TopLayer,0603_R,4132.207,4917.245,0,"Chip Resistor, 100 Ohm, +/-1%, 0.125 W, -55 to 155 degC, 0805 (2012 Metric), RoHS, Tape and Reel",
R58F,100O[1%],TopLayer,0603_R,107.206,4906.177,0,"Chip Resistor, 100 Ohm, +/-1%, 0.125 W, -55 to 155 degC, 0805 (2012 Metric), RoHS, Tape and Reel",
R57C,1.5mO[1%],BottomLayer,R3920,1958.178,1298.966,0,1.5mO 5W SMD ±200ppm/? Current Sense Resistor ±1% 3920 Chip Resistor - Surface Mount RoHS,
R57D,1.5mO[1%],BottomLayer,R3920,1067.784,1298.966,0,1.5mO 5W SMD ±200ppm/? Current Sense Resistor ±1% 3920 Chip Resistor - Surface Mount RoHS,
R57E,1.5mO[1%],BottomLayer,R3920,4328.207,4870.376,180,1.5mO 5W SMD ±200ppm/? Current Sense Resistor ±1% 3920 Chip Resistor - Surface Mount RoHS,
R57F,1.5mO[1%],BottomLayer,R3920,303.206,4859.308,180,1.5mO 5W SMD ±200ppm/? Current Sense Resistor ±1% 3920 Chip Resistor - Surface Mount RoHS,
R54F,1K[1%],TopLayer,0603_R,4308.264,2105.157,0,RES 1K OHM 1% 1/10W 0603,
R54E,1K[1%],TopLayer,0603_R,4308.264,2637.653,0,RES 1K OHM 1% 1/10W 0603,
R54D,1K[1%],TopLayer,0603_R,4308.264,3170.255,0,RES 1K OHM 1% 1/10W 0603,
R54C,1K[1%],TopLayer,0603_R,2438.732,2105.157,0,RES 1K OHM 1% 1/10W 0603,
R54B,1K[1%],TopLayer,0603_R,2438.732,2637.653,0,RES 1K OHM 1% 1/10W 0603,
R54A,1K[1%],TopLayer,0603_R,2438.734,3169.149,0,RES 1K OHM 1% 1/10W 0603,
R53F,1K[1%],TopLayer,0603_R,4308.264,2220.896,0,RES 1K OHM 1% 1/10W 0603,
R53E,1K[1%],TopLayer,0603_R,4308.264,2753.392,0,RES 1K OHM 1% 1/10W 0603,
R53D,1K[1%],TopLayer,0603_R,4308.264,3285.994,0,RES 1K OHM 1% 1/10W 0603,
R53C,1K[1%],TopLayer,0603_R,2438.732,2220.896,0,RES 1K OHM 1% 1/10W 0603,
R53B,1K[1%],TopLayer,0603_R,2438.732,2753.392,0,RES 1K OHM 1% 1/10W 0603,
R53A,1K[1%],TopLayer,0603_R,2438.734,3284.888,0,RES 1K OHM 1% 1/10W 0603,
R52F,1K[1%],TopLayer,0603_R,4308.264,2337.02,0,RES 1K OHM 1% 1/10W 0603,
R52E,1K[1%],TopLayer,0603_R,4308.264,2869.516,0,RES 1K OHM 1% 1/10W 0603,
R52D,1K[1%],TopLayer,0603_R,4308.264,3402.118,0,RES 1K OHM 1% 1/10W 0603,
R52C,1K[1%],TopLayer,0603_R,2438.732,2337.02,0,RES 1K OHM 1% 1/10W 0603,
R52B,1K[1%],TopLayer,0603_R,2438.732,2869.516,0,RES 1K OHM 1% 1/10W 0603,
R52A,1K[1%],TopLayer,0603_R,2438.734,3401.012,0,RES 1K OHM 1% 1/10W 0603,
R51F,10K[1%],BottomLayer,0603_R,3879.408,2095.088,90,RES 10K OHM 1% 1/10W 0603,
R51E,10K[1%],BottomLayer,0603_R,3879.408,2627.584,90,RES 10K OHM 1% 1/10W 0603,
R51D,10K[1%],BottomLayer,0603_R,3879.408,3160.186,90,RES 10K OHM 1% 1/10W 0603,
R51C,10K[1%],BottomLayer,0603_R,2009.876,2095.088,90,RES 10K OHM 1% 1/10W 0603,
R51B,10K[1%],BottomLayer,0603_R,2009.876,2627.584,90,RES 10K OHM 1% 1/10W 0603,
R51A,10K[1%],BottomLayer,0603_R,2009.878,3159.08,90,RES 10K OHM 1% 1/10W 0603,
R50F,10K[1%],TopLayer,0603_R,3566.13,2227.106,270,RES 10K OHM 1% 1/10W 0603,
R50E,10K[1%],TopLayer,0603_R,3566.13,2759.602,270,RES 10K OHM 1% 1/10W 0603,
R50D,10K[1%],TopLayer,0603_R,3566.13,3292.204,270,RES 10K OHM 1% 1/10W 0603,
R50C,10K[1%],TopLayer,0603_R,1696.598,2227.106,270,RES 10K OHM 1% 1/10W 0603,
R50B,10K[1%],TopLayer,0603_R,1696.598,2759.602,270,RES 10K OHM 1% 1/10W 0603,
R50A,10K[1%],TopLayer,0603_R,1696.6,3291.098,270,RES 10K OHM 1% 1/10W 0603,
R49F,100K[1%],BottomLayer,0603_R,3310.118,2193.197,0,RES SMD 100K OHM 1% 1/10W 0603,
R49E,100K[1%],BottomLayer,0603_R,3310.118,2725.693,0,RES SMD 100K OHM 1% 1/10W 0603,
R49D,100K[1%],BottomLayer,0603_R,3310.118,3258.296,0,RES SMD 100K OHM 1% 1/10W 0603,
R49C,100K[1%],BottomLayer,0603_R,1440.586,2193.197,0,RES SMD 100K OHM 1% 1/10W 0603,
R49B,100K[1%],BottomLayer,0603_R,1440.586,2725.693,0,RES SMD 100K OHM 1% 1/10W 0603,
R49A,100K[1%],BottomLayer,0603_R,1440.588,3257.189,0,RES SMD 100K OHM 1% 1/10W 0603,
R48F,1M[1%],BottomLayer,0603_R,3451.328,2182.742,0,100mW 1MO 75V ±100ppm/? Thick Film Resistor ±1% 0603 Chip Resistor - Surface Mount RoHS,
R48E,1M[1%],BottomLayer,0603_R,3451.328,2715.238,0,100mW 1MO 75V ±100ppm/? Thick Film Resistor ±1% 0603 Chip Resistor - Surface Mount RoHS,
R48D,1M[1%],BottomLayer,0603_R,3451.328,3247.84,0,100mW 1MO 75V ±100ppm/? Thick Film Resistor ±1% 0603 Chip Resistor - Surface Mount RoHS,
R48C,1M[1%],BottomLayer,0603_R,1581.796,2182.742,0,100mW 1MO 75V ±100ppm/? Thick Film Resistor ±1% 0603 Chip Resistor - Surface Mount RoHS,
R48B,1M[1%],BottomLayer,0603_R,1581.796,2715.238,0,100mW 1MO 75V ±100ppm/? Thick Film Resistor ±1% 0603 Chip Resistor - Surface Mount RoHS,
R48A,1M[1%],BottomLayer,0603_R,1581.798,3246.734,0,100mW 1MO 75V ±100ppm/? Thick Film Resistor ±1% 0603 Chip Resistor - Surface Mount RoHS,
R47F,120O[1%],TopLayer,0603_R,3191.561,2239.106,270,"Chip Resistor, 120 Ohm, +/- 1%, 100 mW, -55 to 155 degC, 0603 (1608 Metric), RoHS, Tape and Reel",
R47E,120O[1%],TopLayer,0603_R,3191.561,2771.602,270,"Chip Resistor, 120 Ohm, +/- 1%, 100 mW, -55 to 155 degC, 0603 (1608 Metric), RoHS, Tape and Reel",
R47D,120O[1%],TopLayer,0603_R,3191.561,3304.204,270,"Chip Resistor, 120 Ohm, +/- 1%, 100 mW, -55 to 155 degC, 0603 (1608 Metric), RoHS, Tape and Reel",
R47C,120O[1%],TopLayer,0603_R,1322.029,2239.106,270,"Chip Resistor, 120 Ohm, +/- 1%, 100 mW, -55 to 155 degC, 0603 (1608 Metric), RoHS, Tape and Reel",
R47B,120O[1%],TopLayer,0603_R,1322.029,2771.602,270,"Chip Resistor, 120 Ohm, +/- 1%, 100 mW, -55 to 155 degC, 0603 (1608 Metric), RoHS, Tape and Reel",
R47A,120O[1%],TopLayer,0603_R,1322.031,3303.098,270,"Chip Resistor, 120 Ohm, +/- 1%, 100 mW, -55 to 155 degC, 0603 (1608 Metric), RoHS, Tape and Reel",
R46,3.83K[1%],TopLayer,0603_R,4244.815,4105.727,90,3.83kO 100mW 75V ±100ppm/? Thick Film Resistor ±1% 0603 Chip Resistor - Surface Mount RoHS,
R45,20K[1%],TopLayer,0603_R,4355.817,3920.551,0,100mW 20kO 75V ±100ppm/? Thick Film Resistor ±1% 0603 Chip Resistor - Surface Mount RoHS,
R44,12K[1%],TopLayer,0603_R,4244.815,3968.301,90,12kO 100mW 75V ±100ppm/? Thick Film Resistor ±1% 0603 Chip Resistor - Surface Mount RoHS,
R43,10R[5%],TopLayer,0603_R,4579.134,4072.956,90,100mW 10O 75V ±200ppm/? Thick Film Resistor ±1% 0603 Chip Resistor - Surface Mount RoHS,
R42,10.5K[1%],TopLayer,0603_R,3932.397,4511.201,270,10.5kO 100mW 75V ±100ppm/? Thick Film Resistor ±1% 0603 Chip Resistor - Surface Mount RoHS,
R41,5mO[1%],BottomLayer,2512_R,3825.619,5275.75,90,5mO 3W SMD ±50ppm/? Current Sense Resistor ±1% 2512 Chip Resistor - Surface Mount RoHS,
R40,154K[1%],TopLayer,0603_R,3870.015,4674.424,90,154kO 100mW 75V ±100ppm/? Thick Film Resistor ±1% 0603 Chip Resistor - Surface Mount RoHS,
R39,5.23K[1%],TopLayer,0603_R,3558.105,4511.201,270,5.23kO 100mW 75V ±100ppm/? Thick Film Resistor ±1% 0603 Chip Resistor - Surface Mount RoHS,
R38,2.55K[1%],TopLayer,0603_R,3495.723,4511.201,270,2.55kO 100mW 75V ±100ppm/? Thick Film Resistor ±1% 0603 Chip Resistor - Surface Mount RoHS,
R37,32.4K[1%],TopLayer,0603_R,3807.633,4511.201,270,100mW 32.4kO ±50ppm/? Thin Film Resistor ±1% 0603 Chip Resistor - Surface Mount RoHS,
R36,1M[1%],TopLayer,0603_R,3620.487,4511.201,90,100mW 1MO 75V ±100ppm/? Thick Film Resistor ±1% 0603 Chip Resistor - Surface Mount RoHS,
R35,64.9K[1%],TopLayer,0603_R,3433.341,4511.201,90,100mW 64.9kO 75V ±100ppm/? Thick Film Resistor ±1% 0603 Chip Resistor - Surface Mount RoHS,
R34,9.76K[1%],TopLayer,0603_R,3279.034,4511.201,270,100mW 9.76kO 75V ±100ppm/? Thick Film Resistor ±1% 0603 Chip Resistor - Surface Mount RoHS,
R33,5mO[1%],BottomLayer,2512_R,3172.256,5275.75,90,5mO 3W SMD ±50ppm/? Current Sense Resistor ±1% 2512 Chip Resistor - Surface Mount RoHS,
R32,154K[1%],TopLayer,0603_R,3216.652,4674.424,90,154kO 100mW 75V ±100ppm/? Thick Film Resistor ±1% 0603 Chip Resistor - Surface Mount RoHS,
R31,5.23K[1%],TopLayer,0603_R,2904.742,4511.201,270,5.23kO 100mW 75V ±100ppm/? Thick Film Resistor ±1% 0603 Chip Resistor - Surface Mount RoHS,
R30,2.55K[1%],TopLayer,0603_R,2842.36,4511.201,270,2.55kO 100mW 75V ±100ppm/? Thick Film Resistor ±1% 0603 Chip Resistor - Surface Mount RoHS,
R29,86.6K[1%],TopLayer,0603_R,3154.27,4511.201,270,86.6kO 100mW 75V ±100ppm/? Thick Film Resistor ±1% 0603 Chip Resistor - Surface Mount RoHS,
R28,1M[1%],TopLayer,0603_R,2967.124,4511.201,90,100mW 1MO 75V ±100ppm/? Thick Film Resistor ±1% 0603 Chip Resistor - Surface Mount RoHS,
R27,64.9K[1%],TopLayer,0603_R,2779.978,4511.201,90,100mW 64.9kO 75V ±100ppm/? Thick Film Resistor ±1% 0603 Chip Resistor - Surface Mount RoHS,
R26,11.8K[1%],TopLayer,0603_R,1249.264,4511.201,270,11.8kO 100mW 75V ±100ppm/? Thick Film Resistor ±1% 0603 Chip Resistor - Surface Mount RoHS,
R25,5mO[1%],BottomLayer,2512_R,1210.486,5275.75,90,5mO 3W SMD ±50ppm/? Current Sense Resistor ±1% 2512 Chip Resistor - Surface Mount RoHS,
R24,154K[1%],TopLayer,0603_R,1186.882,4674.424,90,154kO 100mW 75V ±100ppm/? Thick Film Resistor ±1% 0603 Chip Resistor - Surface Mount RoHS,
R23,5.23K[1%],TopLayer,0603_R,874.972,4511.201,270,5.23kO 100mW 75V ±100ppm/? Thick Film Resistor ±1% 0603 Chip Resistor - Surface Mount RoHS,
R22,2.55K[1%],TopLayer,0603_R,812.59,4511.201,270,2.55kO 100mW 75V ±100ppm/? Thick Film Resistor ±1% 0603 Chip Resistor - Surface Mount RoHS,
R21,221K[1%],TopLayer,0603_R,1124.5,4511.201,270,221kO 100mW 75V ±100ppm/? Thick Film Resistor ±1% 0603 Chip Resistor - Surface Mount RoHS,
R20,1M[1%],TopLayer,0603_R,937.354,4511.201,90,100mW 1MO 75V ±100ppm/? Thick Film Resistor ±1% 0603 Chip Resistor - Surface Mount RoHS,
R19,64.9K[1%],TopLayer,0603_R,750.208,4511.201,90,100mW 64.9kO 75V ±100ppm/? Thick Film Resistor ±1% 0603 Chip Resistor - Surface Mount RoHS,
R18,20K[1%],TopLayer,0603_R,2239.644,4955.432,180,RES 20K OHM 1% 1/10W 0603,
R17,100K[1%],TopLayer,0603_R,2239.644,5020.372,180,RES SMD 100K OHM 1% 1/10W 0603,
R16,1K[1%],TopLayer,0603_R,2393.275,4818.609,180,RES 1K OHM 1% 1/10W 0603,
R15,100K[1%],TopLayer,0603_R,2239.644,5085.311,0,RES SMD 100K OHM 1% 1/10W 0603,
R14,100K[1%],TopLayer,0603_R,2240.149,4760.613,0,RES SMD 100K OHM 1% 1/10W 0603,
R12,0.45mO??[1%],TopLayer,2512_R,2410.206,5219.308,0,6W 0.45mO SMD ±115ppm/? Shunt ±1% 2512 Chip Resistor - Surface Mount RoHS,
R11,20K[1%],TopLayer,0603_R,1574.644,4955.432,180,RES 20K OHM 1% 1/10W 0603,
R10,100K[1%],TopLayer,0603_R,1574.644,5020.372,180,RES SMD 100K OHM 1% 1/10W 0603,
R9,1K[1%],TopLayer,0603_R,1728.781,4818.613,180,RES 1K OHM 1% 1/10W 0603,
R8,100K[1%],TopLayer,0603_R,1574.644,5085.311,0,RES SMD 100K OHM 1% 1/10W 0603,
R7,100K[1%],TopLayer,0603_R,1574.644,4760.613,0,RES SMD 100K OHM 1% 1/10W 0603,
R5,0.45mO??[1%],TopLayer,2512_R,1745.206,5219.308,0,6W 0.45mO SMD ±115ppm/? Shunt ±1% 2512 Chip Resistor - Surface Mount RoHS,
Q15C,NVMFS6H836NLT1G,BottomLayer,FP-488AA-MFG,2101.052,987.582,180,"NVMFS6H836NLT1G Power MOSFET 80 V, 77 A, 6.2 mO, Single N-Channel, SO8-FL",
Q15D,NVMFS6H836NLT1G,BottomLayer,FP-488AA-MFG,1210.658,987.582,180,"NVMFS6H836NLT1G Power MOSFET 80 V, 77 A, 6.2 mO, Single N-Channel, SO8-FL",
Q15E,NVMFS6H836NLT1G,BottomLayer,FP-488AA-MFG,4185.333,5181.759,0,"NVMFS6H836NLT1G Power MOSFET 80 V, 77 A, 6.2 mO, Single N-Channel, SO8-FL",
Q15F,NVMFS6H836NLT1G,BottomLayer,FP-488AA-MFG,160.332,5170.691,0,"NVMFS6H836NLT1G Power MOSFET 80 V, 77 A, 6.2 mO, Single N-Channel, SO8-FL",
Q14F,SS8050-G,BottomLayer,FP-SS8050-G-MFG,3451.328,2292.505,90,NPN TRANSISTOR 1.5A 40V SOT-23 R,
Q14E,SS8050-G,BottomLayer,FP-SS8050-G-MFG,3451.328,2825.001,90,NPN TRANSISTOR 1.5A 40V SOT-23 R,
Q14D,SS8050-G,BottomLayer,FP-SS8050-G-MFG,3451.328,3357.604,90,NPN TRANSISTOR 1.5A 40V SOT-23 R,
Q14C,SS8050-G,BottomLayer,FP-SS8050-G-MFG,1581.796,2292.505,90,NPN TRANSISTOR 1.5A 40V SOT-23 R,
Q14B,SS8050-G,BottomLayer,FP-SS8050-G-MFG,1581.796,2825.001,90,NPN TRANSISTOR 1.5A 40V SOT-23 R,
Q14A,SS8050-G,BottomLayer,FP-SS8050-G-MFG,1581.798,3356.497,90,NPN TRANSISTOR 1.5A 40V SOT-23 R,
Q13F,SI2301BDS-T1-GE3,BottomLayer,FP-S-03946-MFG,3309.524,2294.291,90,SI2301BDS-T1-GE3 Trans Mosfet P-ch Si 20V 2.2A 3-PIN SOT-23 T/r / Mosfet P-ch 20V 2.2A SOT23-3,
Q13E,SI2301BDS-T1-GE3,BottomLayer,FP-S-03946-MFG,3309.524,2826.788,90,SI2301BDS-T1-GE3 Trans Mosfet P-ch Si 20V 2.2A 3-PIN SOT-23 T/r / Mosfet P-ch 20V 2.2A SOT23-3,
Q13D,SI2301BDS-T1-GE3,BottomLayer,FP-S-03946-MFG,3309.524,3359.39,90,SI2301BDS-T1-GE3 Trans Mosfet P-ch Si 20V 2.2A 3-PIN SOT-23 T/r / Mosfet P-ch 20V 2.2A SOT23-3,
Q13C,SI2301BDS-T1-GE3,BottomLayer,FP-S-03946-MFG,1439.992,2294.291,90,SI2301BDS-T1-GE3 Trans Mosfet P-ch Si 20V 2.2A 3-PIN SOT-23 T/r / Mosfet P-ch 20V 2.2A SOT23-3,
Q13B,SI2301BDS-T1-GE3,BottomLayer,FP-S-03946-MFG,1439.992,2826.788,90,SI2301BDS-T1-GE3 Trans Mosfet P-ch Si 20V 2.2A 3-PIN SOT-23 T/r / Mosfet P-ch 20V 2.2A SOT23-3,
Q13A,SI2301BDS-T1-GE3,BottomLayer,FP-S-03946-MFG,1439.994,3358.284,90,SI2301BDS-T1-GE3 Trans Mosfet P-ch Si 20V 2.2A 3-PIN SOT-23 T/r / Mosfet P-ch 20V 2.2A SOT23-3,
Q12,NVMFS6H836NLT1G,BottomLayer,FP-488AA-MFG,3603.061,5248.527,180,"NVMFS6H836NLT1G Power MOSFET 80 V, 77 A, 6.2 mO, Single N-Channel, SO8-FL",
Q11,NVMFS6H836NLT1G,BottomLayer,FP-488AA-MFG,3603.061,5583.736,180,"NVMFS6H836NLT1G Power MOSFET 80 V, 77 A, 6.2 mO, Single N-Channel, SO8-FL",
Q10,NVMFS6H836NLT1G,BottomLayer,FP-488AA-MFG,2949.698,5248.527,180,"NVMFS6H836NLT1G Power MOSFET 80 V, 77 A, 6.2 mO, Single N-Channel, SO8-FL",
Q9,NVMFS6H836NLT1G,BottomLayer,FP-488AA-MFG,2949.698,5583.736,180,"NVMFS6H836NLT1G Power MOSFET 80 V, 77 A, 6.2 mO, Single N-Channel, SO8-FL",
Q8,NVMFS6H836NLT1G,BottomLayer,FP-488AA-MFG,987.928,5248.527,180,"NVMFS6H836NLT1G Power MOSFET 80 V, 77 A, 6.2 mO, Single N-Channel, SO8-FL",
Q7,NVMFS6H836NLT1G,BottomLayer,FP-488AA-MFG,987.928,5583.736,180,"NVMFS6H836NLT1G Power MOSFET 80 V, 77 A, 6.2 mO, Single N-Channel, SO8-FL",
Q6,FMMT493TA,TopLayer,SOT23,2392.448,4718.884,90,,
Q5,IPT012N08N5(TOKMAS),BottomLayer,HSOF-8,2262.786,4691.308,0,"85V 300A 0.9mO 500W 2V 1 N-Channel HSOF-8 Single FETs, MOSFETs RoHS",
Q4,IPT012N08N5(TOKMAS),BottomLayer,HSOF-8,2402.827,5210.68,180,"85V 300A 0.9mO 500W 2V 1 N-Channel HSOF-8 Single FETs, MOSFETs RoHS",
Q3,FMMT493TA,TopLayer,SOT23,1727.448,4718.884,90,,
Q2,IPT012N08N5(TOKMAS),BottomLayer,HSOF-8,1597.786,4691.308,0,"85V 300A 0.9mO 500W 2V 1 N-Channel HSOF-8 Single FETs, MOSFETs RoHS",
Q1,IPT012N08N5(TOKMAS),BottomLayer,HSOF-8,1737.827,5212.56,180,"85V 300A 0.9mO 500W 2V 1 N-Channel HSOF-8 Single FETs, MOSFETs RoHS",
P2F,Header 4,TopLayer,HDR_THT_4M_2.54mm,4467.13,2254.106,270,"Header, single row, 4 pin",
P2E,Header 4,TopLayer,HDR_THT_4M_2.54mm,4467.13,2786.602,270,"Header, single row, 4 pin",
P2D,Header 4,TopLayer,HDR_THT_4M_2.54mm,4467.13,3319.204,270,"Header, single row, 4 pin",
P2C,Header 4,TopLayer,HDR_THT_4M_2.54mm,2597.598,2254.106,270,"Header, single row, 4 pin",
P2B,Header 4,TopLayer,HDR_THT_4M_2.54mm,2597.598,2786.602,270,"Header, single row, 4 pin",
P2A,Header 4,TopLayer,HDR_THT_4M_2.54mm,2597.6,3318.098,270,"Header, single row, 4 pin",
LED5C,LED 0805 Red,TopLayer,LED_0805_RED,1688.852,749.596,90,20mA 120mcd 615nm~630nm Red 1.8V~2.4V 60mW 0805 LED Indication - Discrete RoHS,
LED5D,LED 0805 Red,TopLayer,LED_0805_RED,798.458,749.596,90,20mA 120mcd 615nm~630nm Red 1.8V~2.4V 60mW 0805 LED Indication - Discrete RoHS,
LED5E,LED 0805 Red,TopLayer,LED_0805_RED,4597.533,5419.746,270,20mA 120mcd 615nm~630nm Red 1.8V~2.4V 60mW 0805 LED Indication - Discrete RoHS,
LED5F,LED 0805 Red,TopLayer,LED_0805_RED,572.531,5408.678,270,20mA 120mcd 615nm~630nm Red 1.8V~2.4V 60mW 0805 LED Indication - Discrete RoHS,
LED4C,LED 0805 Red,TopLayer,LED_0805_RED,1807.97,746.071,90,20mA 120mcd 615nm~630nm Red 1.8V~2.4V 60mW 0805 LED Indication - Discrete RoHS,
LED4D,LED 0805 Red,TopLayer,LED_0805_RED,917.577,746.071,90,20mA 120mcd 615nm~630nm Red 1.8V~2.4V 60mW 0805 LED Indication - Discrete RoHS,
LED4E,LED 0805 Red,TopLayer,LED_0805_RED,4478.414,5423.27,270,20mA 120mcd 615nm~630nm Red 1.8V~2.4V 60mW 0805 LED Indication - Discrete RoHS,
LED4F,LED 0805 Red,TopLayer,LED_0805_RED,453.413,5412.202,270,20mA 120mcd 615nm~630nm Red 1.8V~2.4V 60mW 0805 LED Indication - Discrete RoHS,
LED3F,LED 0805 Green,TopLayer,LED_0805_GREEN,4160.514,2106.157,180,20mA 120mcd 615nm~630nm Red 1.8V~2.4V 60mW 0805 LED Indication - Discrete RoHS,
LED3E,LED 0805 Green,TopLayer,LED_0805_GREEN,4160.514,2638.653,180,20mA 120mcd 615nm~630nm Red 1.8V~2.4V 60mW 0805 LED Indication - Discrete RoHS,
LED3D,LED 0805 Green,TopLayer,LED_0805_GREEN,4160.514,3171.255,180,20mA 120mcd 615nm~630nm Red 1.8V~2.4V 60mW 0805 LED Indication - Discrete RoHS,
LED3C,LED 0805 Green,TopLayer,LED_0805_GREEN,2290.982,2106.157,180,20mA 120mcd 615nm~630nm Red 1.8V~2.4V 60mW 0805 LED Indication - Discrete RoHS,
LED3B,LED 0805 Green,TopLayer,LED_0805_GREEN,2290.982,2638.653,180,20mA 120mcd 615nm~630nm Red 1.8V~2.4V 60mW 0805 LED Indication - Discrete RoHS,
LED3A,LED 0805 Green,TopLayer,LED_0805_GREEN,2290.984,3170.149,180,20mA 120mcd 615nm~630nm Red 1.8V~2.4V 60mW 0805 LED Indication - Discrete RoHS,
LED2F,LED 0805 Blue,TopLayer,LED_0805_BLUE,4160.514,2220.896,180,25mA 80mcd 457nm~475nm Blue 2.7V~3.1V 0805 LED Indication - Discrete RoHS,
LED2E,LED 0805 Blue,TopLayer,LED_0805_BLUE,4160.514,2753.392,180,25mA 80mcd 457nm~475nm Blue 2.7V~3.1V 0805 LED Indication - Discrete RoHS,
LED2D,LED 0805 Blue,TopLayer,LED_0805_BLUE,4160.514,3285.994,180,25mA 80mcd 457nm~475nm Blue 2.7V~3.1V 0805 LED Indication - Discrete RoHS,
LED2C,LED 0805 Blue,TopLayer,LED_0805_BLUE,2290.982,2220.896,180,25mA 80mcd 457nm~475nm Blue 2.7V~3.1V 0805 LED Indication - Discrete RoHS,
LED2B,LED 0805 Blue,TopLayer,LED_0805_BLUE,2290.982,2753.392,180,25mA 80mcd 457nm~475nm Blue 2.7V~3.1V 0805 LED Indication - Discrete RoHS,
LED2A,LED 0805 Blue,TopLayer,LED_0805_BLUE,2290.984,3284.888,180,25mA 80mcd 457nm~475nm Blue 2.7V~3.1V 0805 LED Indication - Discrete RoHS,
LED1F,LED 0805 Red,TopLayer,LED_0805_RED,4160.514,2337.023,180,20mA 120mcd 615nm~630nm Red 1.8V~2.4V 60mW 0805 LED Indication - Discrete RoHS,
LED1E,LED 0805 Red,TopLayer,LED_0805_RED,4160.514,2869.519,180,20mA 120mcd 615nm~630nm Red 1.8V~2.4V 60mW 0805 LED Indication - Discrete RoHS,
LED1D,LED 0805 Red,TopLayer,LED_0805_RED,4160.514,3402.121,180,20mA 120mcd 615nm~630nm Red 1.8V~2.4V 60mW 0805 LED Indication - Discrete RoHS,
LED1C,LED 0805 Red,TopLayer,LED_0805_RED,2290.982,2337.023,180,20mA 120mcd 615nm~630nm Red 1.8V~2.4V 60mW 0805 LED Indication - Discrete RoHS,
LED1B,LED 0805 Red,TopLayer,LED_0805_RED,2290.982,2869.519,180,20mA 120mcd 615nm~630nm Red 1.8V~2.4V 60mW 0805 LED Indication - Discrete RoHS,
LED1A,LED 0805 Red,TopLayer,LED_0805_RED,2290.984,3401.015,180,20mA 120mcd 615nm~630nm Red 1.8V~2.4V 60mW 0805 LED Indication - Discrete RoHS,
L4,SRN6045TA-3R3Y,TopLayer,SMT_L_7.32mm,4431.437,3727,0,3.3µH Semi-Shielded Wirewound Inductor 7.8A 21mOhm Nonstandard,
L3,CYA1265-6.8UH,TopLayer,"SMD,13.8X12.8MM",3673.079,5352.382,0,"15A 6.8uH Molded Inductor ±20% 28A SMD,13.8x12.8mm Fixed Inductors RoHS",
L2,CYA1265-6.8UH,TopLayer,"SMD,13.8X12.8MM",3019.716,5352.382,0,"15A 6.8uH Molded Inductor ±20% 28A SMD,13.8x12.8mm Fixed Inductors RoHS",
L1,CYA1265-6.8UH,TopLayer,"SMD,13.8X12.8MM",989.945,5352.382,180,"15A 6.8uH Molded Inductor ±20% 28A SMD,13.8x12.8mm Fixed Inductors RoHS",
J6F,Header 2.54 2x2,TopLayer,HDR_THT_2x2M_2.54mm,3005.13,2199.972,180,"Header, dual row, 4 pin",
J6E,Header 2.54 2x2,TopLayer,HDR_THT_2x2M_2.54mm,3005.13,2732.468,180,"Header, dual row, 4 pin",
J6D,Header 2.54 2x2,TopLayer,HDR_THT_2x2M_2.54mm,3005.13,3265.07,180,"Header, dual row, 4 pin",
J6C,Header 2.54 2x2,TopLayer,HDR_THT_2x2M_2.54mm,1135.598,2199.972,180,"Header, dual row, 4 pin",
J6B,Header 2.54 2x2,TopLayer,HDR_THT_2x2M_2.54mm,1135.598,2732.468,180,"Header, dual row, 4 pin",
J6A,Header 2.54 2x2,TopLayer,HDR_THT_2x2M_2.54mm,1135.6,3263.964,180,"Header, dual row, 4 pin",
P1,691412120004B,TopLayer,691412120004B,353.567,752.504,270,4 Position Wire to Board Terminal Block 45° (135°) Angle with Board 0.138 (3.50mm) Through Hole," Kinked Pin"""
D8C,SMCJ60A,TopLayer,DO-214AB,2043.311,678.966,0,15.5A 1.5kW 96.8V 66.7V Unidirectional 60V DO-214AB(SMC) TVS Diodes RoHS,
D8D,SMCJ60A,TopLayer,DO-214AB,1152.917,678.966,0,15.5A 1.5kW 96.8V 66.7V Unidirectional 60V DO-214AB(SMC) TVS Diodes RoHS,
D8E,SMCJ60A,TopLayer,DO-214AB,4243.073,5490.376,180,15.5A 1.5kW 96.8V 66.7V Unidirectional 60V DO-214AB(SMC) TVS Diodes RoHS,
D8F,SMCJ60A,TopLayer,DO-214AB,218.072,5479.308,180,15.5A 1.5kW 96.8V 66.7V Unidirectional 60V DO-214AB(SMC) TVS Diodes RoHS,
D6F,ESDA6V1L-TP,BottomLayer,FP-SOT-23-MFG,3191.561,2135.602,0,TVS DIODE 5.25V SOT23,
D6E,ESDA6V1L-TP,BottomLayer,FP-SOT-23-MFG,3191.561,2668.098,0,TVS DIODE 5.25V SOT23,
D6D,ESDA6V1L-TP,BottomLayer,FP-SOT-23-MFG,3191.561,3200.7,0,TVS DIODE 5.25V SOT23,
D6C,ESDA6V1L-TP,BottomLayer,FP-SOT-23-MFG,1322.029,2135.602,0,TVS DIODE 5.25V SOT23,
D6B,ESDA6V1L-TP,BottomLayer,FP-SOT-23-MFG,1322.029,2668.098,0,TVS DIODE 5.25V SOT23,
D6A,ESDA6V1L-TP,BottomLayer,FP-SOT-23-MFG,1322.031,3199.594,0,TVS DIODE 5.25V SOT23,
D5,"BAS516,115",TopLayer,SOD523,3658.126,4999.649,90,2A 4ns Independent 100V 1.25V@150mA 250mA SOD-523(SC-79) Single Diodes RoHS,
D4,"BAS516,115",TopLayer,SOD523,3004.763,4999.649,90,2A 4ns Independent 100V 1.25V@150mA 250mA SOD-523(SC-79) Single Diodes RoHS,
D3,"BAS516,115",TopLayer,SOD523,974.993,4999.649,90,2A 4ns Independent 100V 1.25V@150mA 250mA SOD-523(SC-79) Single Diodes RoHS,
D2,SMCJ60A,TopLayer,DO-214AB,2448.618,5474.308,180,15.5A 1.5kW 96.8V 66.7V Unidirectional 60V DO-214AB(SMC) TVS Diodes RoHS,
D1,SMCJ60A,TopLayer,DO-214AB,1783.618,5474.308,180,15.5A 1.5kW 96.8V 66.7V Unidirectional 60V DO-214AB(SMC) TVS Diodes RoHS,
C63C,1nF[50V],TopLayer,0603_C,2154.177,1157.931,0,50V 1nF X7R ±10% 0603 Ceramic Capacitors RoHS,
C63D,1nF[50V],TopLayer,0603_C,1263.784,1157.931,0,50V 1nF X7R ±10% 0603 Ceramic Capacitors RoHS,
C63E,1nF[50V],TopLayer,0603_C,4132.207,5011.411,180,50V 1nF X7R ±10% 0603 Ceramic Capacitors RoHS,
C63F,1nF[50V],TopLayer,0603_C,107.206,5000.343,180,50V 1nF X7R ±10% 0603 Ceramic Capacitors RoHS,
C62C,470nF[50V],TopLayer,0603_C,2154.177,969.6,180,470nF 50V X7R ±10% 0603 Ceramic Capacitors RoHS,
C62D,470nF[50V],TopLayer,0603_C,1263.784,969.6,180,470nF 50V X7R ±10% 0603 Ceramic Capacitors RoHS,
C62E,470nF[50V],TopLayer,0603_C,4132.207,5199.742,0,470nF 50V X7R ±10% 0603 Ceramic Capacitors RoHS,
C62F,470nF[50V],TopLayer,0603_C,107.206,5188.674,0,470nF 50V X7R ±10% 0603 Ceramic Capacitors RoHS,
C65C,22uF,TopLayer,"SMD,D6.3XL7.7MM",2080.376,1563.848,90,"22uF 100V 60mA@120Hz ±20% SMD,D6.3xL7.7mm Aluminum Electrolytic Capacitors RoHS",
C65D,22uF,TopLayer,"SMD,D6.3XL7.7MM",1189.982,1563.848,90,"22uF 100V 60mA@120Hz ±20% SMD,D6.3xL7.7mm Aluminum Electrolytic Capacitors RoHS",
C65E,22uF,TopLayer,"SMD,D6.3XL7.7MM",4206.009,4605.494,270,"22uF 100V 60mA@120Hz ±20% SMD,D6.3xL7.7mm Aluminum Electrolytic Capacitors RoHS",
C65F,22uF,TopLayer,"SMD,D6.3XL7.7MM",181.007,4594.426,270,"22uF 100V 60mA@120Hz ±20% SMD,D6.3xL7.7mm Aluminum Electrolytic Capacitors RoHS",
C64C,22uF,TopLayer,"SMD,D6.3XL7.7MM",1791.72,1563.966,90,"22uF 100V 60mA@120Hz ±20% SMD,D6.3xL7.7mm Aluminum Electrolytic Capacitors RoHS",
C64D,22uF,TopLayer,"SMD,D6.3XL7.7MM",901.326,1563.966,90,"22uF 100V 60mA@120Hz ±20% SMD,D6.3xL7.7mm Aluminum Electrolytic Capacitors RoHS",
C64E,22uF,TopLayer,"SMD,D6.3XL7.7MM",4494.665,4605.376,270,"22uF 100V 60mA@120Hz ±20% SMD,D6.3xL7.7mm Aluminum Electrolytic Capacitors RoHS",
C64F,22uF,TopLayer,"SMD,D6.3XL7.7MM",469.663,4594.308,270,"22uF 100V 60mA@120Hz ±20% SMD,D6.3xL7.7mm Aluminum Electrolytic Capacitors RoHS",
C59A,100nF[50V],BottomLayer,0603_C,2106.6,3458.598,180,CAP CER 0.1UF 50V X7R 0603,
C59B,100nF[50V],BottomLayer,0603_C,2106.598,2927.102,180,CAP CER 0.1UF 50V X7R 0603,
C59C,100nF[50V],BottomLayer,0603_C,2106.598,2394.606,180,CAP CER 0.1UF 50V X7R 0603,
C59D,100nF[50V],BottomLayer,0603_C,3976.13,3459.704,180,CAP CER 0.1UF 50V X7R 0603,
C58A,100nF[50V],BottomLayer,0603_C,2076.683,3159.08,90,CAP CER 0.1UF 50V X7R 0603,
C58B,100nF[50V],BottomLayer,0603_C,2076.681,2627.584,90,CAP CER 0.1UF 50V X7R 0603,
C58C,100nF[50V],BottomLayer,0603_C,2076.681,2095.088,90,CAP CER 0.1UF 50V X7R 0603,
C58D,100nF[50V],BottomLayer,0603_C,3946.213,3160.186,90,CAP CER 0.1UF 50V X7R 0603,
C57F,100nF[50V],BottomLayer,0603_C,3812.603,2095.106,90,CAP CER 0.1UF 50V X7R 0603,
C57E,100nF[50V],BottomLayer,0603_C,3812.603,2627.602,90,CAP CER 0.1UF 50V X7R 0603,
C57D,100nF[50V],BottomLayer,0603_C,3812.603,3160.204,90,CAP CER 0.1UF 50V X7R 0603,
C57C,100nF[50V],BottomLayer,0603_C,1943.071,2095.106,90,CAP CER 0.1UF 50V X7R 0603,
C57B,100nF[50V],BottomLayer,0603_C,1943.071,2627.602,90,CAP CER 0.1UF 50V X7R 0603,
C57A,100nF[50V],BottomLayer,0603_C,1943.073,3159.098,90,CAP CER 0.1UF 50V X7R 0603,
C56F,100nF[50V],BottomLayer,0603_C,3708.13,2135.838,0,CAP CER 0.1UF 50V X7R 0603,
C56E,100nF[50V],BottomLayer,0603_C,3708.13,2668.334,0,CAP CER 0.1UF 50V X7R 0603,
C56D,100nF[50V],BottomLayer,0603_C,3708.13,3200.936,0,CAP CER 0.1UF 50V X7R 0603,
C56C,100nF[50V],BottomLayer,0603_C,1838.598,2135.838,0,CAP CER 0.1UF 50V X7R 0603,
C56B,100nF[50V],BottomLayer,0603_C,1838.598,2668.334,0,CAP CER 0.1UF 50V X7R 0603,
C56A,100nF[50V],BottomLayer,0603_C,1838.6,3199.83,0,CAP CER 0.1UF 50V X7R 0603,
C55F,22uF[16V],BottomLayer,0603_C,3448.577,2103.841,180,Cap Ceramic 22uF 16V X5R ±20% Pad SMD 0603 +85°C T/R,
C55E,22uF[16V],BottomLayer,0603_C,3448.577,2636.338,180,Cap Ceramic 22uF 16V X5R ±20% Pad SMD 0603 +85°C T/R,
C55D,22uF[16V],BottomLayer,0603_C,3448.577,3168.94,180,Cap Ceramic 22uF 16V X5R ±20% Pad SMD 0603 +85°C T/R,
C55C,22uF[16V],BottomLayer,0603_C,1579.045,2103.841,180,Cap Ceramic 22uF 16V X5R ±20% Pad SMD 0603 +85°C T/R,
C55B,22uF[16V],BottomLayer,0603_C,1579.045,2636.338,180,Cap Ceramic 22uF 16V X5R ±20% Pad SMD 0603 +85°C T/R,
C55A,22uF[16V],BottomLayer,0603_C,1579.047,3167.834,180,Cap Ceramic 22uF 16V X5R ±20% Pad SMD 0603 +85°C T/R,
C54F,100nF[50V],BottomLayer,0603_C,3728.363,2378.106,270,CAP CER 0.1UF 50V X7R 0603,
C54E,100nF[50V],BottomLayer,0603_C,3728.363,2910.602,270,CAP CER 0.1UF 50V X7R 0603,
C54D,100nF[50V],BottomLayer,0603_C,3728.363,3443.204,270,CAP CER 0.1UF 50V X7R 0603,
C54C,100nF[50V],BottomLayer,0603_C,1858.831,2378.106,270,CAP CER 0.1UF 50V X7R 0603,
C54B,100nF[50V],BottomLayer,0603_C,1858.831,2910.602,270,CAP CER 0.1UF 50V X7R 0603,
C54A,100nF[50V],BottomLayer,0603_C,1858.833,3442.098,270,CAP CER 0.1UF 50V X7R 0603,
C53F,100nF[50V],BottomLayer,0603_C,3155.6,2292.999,270,CAP CER 0.1UF 50V X7R 0603,
C53E,100nF[50V],BottomLayer,0603_C,3155.6,2825.495,270,CAP CER 0.1UF 50V X7R 0603,
C53D,100nF[50V],BottomLayer,0603_C,3155.6,3358.098,270,CAP CER 0.1UF 50V X7R 0603,
C53C,100nF[50V],BottomLayer,0603_C,1286.068,2292.999,270,CAP CER 0.1UF 50V X7R 0603,
C53B,100nF[50V],BottomLayer,0603_C,1286.068,2825.495,270,CAP CER 0.1UF 50V X7R 0603,
C53A,100nF[50V],BottomLayer,0603_C,1286.07,3356.991,270,CAP CER 0.1UF 50V X7R 0603,
C48,10uF[35V],BottomLayer,0805_C,4500.374,4276.301,180,Ceramic Multilayer SMD Capacitor,
C47,220uF[35V],TopLayer,ECAP-F_SIZE,3988.481,4052.001,90,"220uF 35V ±20% SMD,D8xL10mm Aluminum Electrolytic Capacitors - SMD ROHS",
C46,10uF[35V],TopLayer,0805_C,3920.945,3679.78,0,Ceramic Multilayer SMD Capacitor,
C45,10uF[35V],TopLayer,0805_C,3920.945,3760.78,0,Ceramic Multilayer SMD Capacitor,
C44,100nf[50V],TopLayer,0603_C,4579.134,4215.153,90,50V 100nF X7R ±10% 0603 Ceramic Capacitors RoHS,
C43,10uF[35V],BottomLayer,0805_C,4309.634,4119.301,180,Ceramic Multilayer SMD Capacitor,
C42,10uF[35V],BottomLayer,0805_C,4309.634,4197.801,180,Ceramic Multilayer SMD Capacitor,
C41,10uF[35V],BottomLayer,0805_C,4309.634,4276.301,180,Ceramic Multilayer SMD Capacitor,
C40,10uF[35V],TopLayer,0805_C,4067.291,3679.78,0,Ceramic Multilayer SMD Capacitor,
C39,10uF[35V],TopLayer,0805_C,4067.291,3760.78,0,Ceramic Multilayer SMD Capacitor,
C38,56pF[50V],TopLayer,0603_C,3932.397,4674.424,270,50V 56pF NP0 ±5% 0603 Ceramic Capacitors RoHS,
C37,220uF[35V],TopLayer,ECAP-F_SIZE,3890.129,5910.909,0,"220uF 35V ±20% SMD,D8xL10mm Aluminum Electrolytic Capacitors - SMD ROHS",
C36,470pF[50V],TopLayer,0603_C,3682.869,4511.201,270,50V 470pF X7R ±10% 0603 Ceramic Capacitors RoHS,
C35,33nF[50V],TopLayer,0603_C,3745.251,4511.201,270,50V 33nF X7R ±10% 0603 Ceramic Capacitors RoHS,
C34,5.1pF[50V],TopLayer,0603_C,3870.015,4511.201,270,50V 5.1pF NP0 0603 Ceramic Capacitors RoHS,
C33,2.2uF[100V],TopLayer,0805_C,3439.768,4856.689,90,100V 2.2uF X7R ±10% 1206 Ceramic Capacitors RoHS,
C32,2.2uF[100V],TopLayer,0805_C,3439.774,4673.083,270,100V 2.2uF X7R ±10% 1206 Ceramic Capacitors RoHS,
C31,100nF[50V],TopLayer,0603_C,3535.945,4985.712,270,CAP CER 0.1UF 50V X7R 0603,
C30,1uF[25V],TopLayer,0603_C,3719.307,4985.712,90,25V 1uF X7R ±10% 0603 Ceramic Capacitors RoHS,
C29,56pF[50V],TopLayer,0603_C,3279.034,4674.423,270,50V 56pF NP0 ±5% 0603 Ceramic Capacitors RoHS,
C28,220uF[35V],TopLayer,ECAP-F_SIZE,3250.786,5903.308,0,"220uF 35V ±20% SMD,D8xL10mm Aluminum Electrolytic Capacitors - SMD ROHS",
C27,470pF[50V],TopLayer,0603_C,3029.506,4511.201,270,50V 470pF X7R ±10% 0603 Ceramic Capacitors RoHS,
C26,33nF[50V],TopLayer,0603_C,3091.888,4511.201,270,50V 33nF X7R ±10% 0603 Ceramic Capacitors RoHS,
C25,5.1pF[50V],TopLayer,0603_C,3216.652,4511.201,270,50V 5.1pF NP0 0603 Ceramic Capacitors RoHS,
C24,2.2uF[100V],TopLayer,0805_C,2786.405,4856.689,90,100V 2.2uF X7R ±10% 1206 Ceramic Capacitors RoHS,
C23,2.2uF[100V],TopLayer,0805_C,2786.411,4673.083,270,100V 2.2uF X7R ±10% 1206 Ceramic Capacitors RoHS,
C22,100nF[50V],TopLayer,0603_C,2882.582,4985.909,270,CAP CER 0.1UF 50V X7R 0603,
C21,1uF[25V],TopLayer,0603_C,3066.141,4985.909,90,25V 1uF X7R ±10% 0603 Ceramic Capacitors RoHS,
C20,56pF[50V],TopLayer,0603_C,1249.264,4674.424,270,50V 56pF NP0 ±5% 0603 Ceramic Capacitors RoHS,
C19,220uF[35V],TopLayer,ECAP-F_SIZE,873.935,5903.308,0,"220uF 35V ±20% SMD,D8xL10mm Aluminum Electrolytic Capacitors - SMD ROHS",
C18,470pF[50V],TopLayer,0603_C,999.736,4511.201,270,50V 470pF X7R ±10% 0603 Ceramic Capacitors RoHS,
C17,33nF[50V],TopLayer,0603_C,1062.118,4511.201,270,50V 33nF X7R ±10% 0603 Ceramic Capacitors RoHS,
C16,5.1pF[50V],TopLayer,0603_C,1186.882,4511.201,270,50V 5.1pF NP0 0603 Ceramic Capacitors RoHS,
C15,2.2uF[100V],TopLayer,0805_C,756.635,4856.689,90,100V 2.2uF X7R ±10% 1206 Ceramic Capacitors RoHS,
C14,2.2uF[100V],TopLayer,0805_C,756.641,4673.083,270,100V 2.2uF X7R ±10% 1206 Ceramic Capacitors RoHS,
C13,100nF[50V],TopLayer,0603_C,852.812,4985.712,270,CAP CER 0.1UF 50V X7R 0603,
C12,1uF[25V],TopLayer,0603_C,1036.174,4985.712,90,25V 1uF X7R ±10% 0603 Ceramic Capacitors RoHS,
C11,22nF[50V],TopLayer,0603_C,2239.644,4890.492,180,X7R 50V 22nF ±10% 0603 Ceramic Capacitors RoHS,
C10,22nF[50V],TopLayer,0603_C,2393.781,4620.056,180,X7R 50V 22nF ±10% 0603 Ceramic Capacitors RoHS,
C9,22uF,TopLayer,"SMD,D6.3XL7.7MM",2106.317,5325.792,90,"22uF 100V 60mA@120Hz ±20% SMD,D6.3xL7.7mm Aluminum Electrolytic Capacitors RoHS",
C8,22nF[50V],TopLayer,0603_C,1574.644,4890.492,180,X7R 50V 22nF ±10% 0603 Ceramic Capacitors RoHS,
C7,22nF[50V],TopLayer,0603_C,1728.781,4620.056,180,X7R 50V 22nF ±10% 0603 Ceramic Capacitors RoHS,
C6,22uF,TopLayer,"SMD,D6.3XL7.7MM",1468.426,5325.792,90,"22uF 100V 60mA@120Hz ±20% SMD,D6.3xL7.7mm Aluminum Electrolytic Capacitors RoHS",
